<?xml version="1.0" encoding="UTF-8"?>
<!DOCTYPE beans PUBLIC "-//SPRING//DTD BEAN//EN" 
"http://www.springframework.org/dtd/spring-beans.dtd">
<beans>
	<bean id="bean1" class="com.java.spr.HelloImpl">
		<property name="greeting" value="Good Morning..." />
	</bean>
	<bean id="bean2" class="com.java.spr.HelloImpl">
		<property name="greeting" value="Good Afternoon..." />
	</bean>
	<bean id="bean3" class="com.java.spr.HelloImpl">
		<property name="greeting" value="Good Evening..." />
	</bean>
</beans>