<?xml version="1.0" encoding="UTF-8"?>
<beans xmlns = "http://www.springframework.org/schema/beans"
   xmlns:xsi = "http://www.w3.org/2001/XMLSchema-instance"
   xmlns:context = "http://www.springframework.org/schema/context"
   xsi:schemaLocation = "http://www.springframework.org/schema/beans
   http://www.springframework.org/schema/beans/spring-beans.xsd
   http://www.springframework.org/schema/context
   http://www.springframework.org/schema/context/spring-context.xsd">
<context:annotation-config />
	<bean id="jobDetails" class="com.java.spr.JobDetails">
		<property name="job" value="SWE" />
		<property name="company" value="Hexaware" />
		<property name="location" value="Chennai" />
	</bean>
	
	<bean id="person2" class="com.java.spr.Person">
		<property name="id" value="1" />
		<property name="name" value="Monisha" />
		<property name="family">
			<bean class="com.java.spr.Family">
				<property name="city" value="Cudalore" />
				<property name="state" value="TN" />
			</bean>
		</property>
	</bean>
	
	<bean id="person3" class="com.java.spr.Person">
		<property name="id" value="3" />
		<property name="name" value="Nikhitha" />
		<property name="family">
			<bean class="com.java.spr.Family">
				<property name="city" value="Kurnool" />
				<property name="state" value="AP" />
			</bean>
		</property>
	</bean>
	
	<bean id="person1" class="com.java.spr.Person">
		<property name="id" value="1" />
		<property name="name" value="SivaSuriya" />
		<property name="family">
			<bean class="com.java.spr.Family">
				<property name="city" value="Erode" />
				<property name="state" value="TN" />
			</bean>
		</property>
	</bean>
</beans>